,Actual,Predicted,Error,Error_%%
2023-03-03 00:00:00-05:00,114.94532950212097,115.33148119690479,-0.3861516947838197,-0.33594378863100693
2023-03-06 00:00:00-05:00,116.55061397420538,116.33293402740554,0.2176799467998336,0.18676859724480718
2023-03-07 00:00:00-05:00,115.92797683049398,115.51046641572258,0.4175104147713995,0.3601463824231741
2023-03-08 00:00:00-05:00,113.99241252212686,113.46945787340576,0.5229546487210968,0.4587626817877786
2023-03-09 00:00:00-05:00,112.05603223600532,113.07018685652797,-1.0141546205226462,-0.9050424151969775
2023-03-10 00:00:00-05:00,113.94105826447876,114.09870516836341,-0.15764690388465397,-0.13835829356501644
2023-03-13 00:00:00-04:00,114.12631461242324,114.42014483381045,-0.2938302213872106,-0.2574605360604763
2023-03-14 00:00:00-04:00,114.77583776451394,114.35335495718145,0.4224828073324858,0.3680938563038812
2023-03-15 00:00:00-04:00,114.84872882830092,113.41230015551815,1.4364286727827675,1.250713601654426
2023-03-16 00:00:00-04:00,111.604902988386,113.95601228077537,-2.351109292389367,-2.1066362045348774
2023-03-17 00:00:00-04:00,110.69654314851181,113.52782008202996,-2.8312769335181542,-2.557692275647379
2023-03-20 00:00:00-04:00,114.73763443035747,114.51025901728919,0.22737541306828746,0.1981698630943084
2023-03-21 00:00:00-04:00,116.65727867084375,116.55170615242146,0.1055725184222922,0.09049801231877873
2023-03-22 00:00:00-04:00,117.46962170500089,117.1782955094558,0.2913261955450963,0.24800130562835895
2023-03-23 00:00:00-04:00,116.6000522808919,117.52358858261506,-0.9235363017231606,-0.7920547921353781
2023-03-24 00:00:00-04:00,117.74413011328171,117.51667830109868,0.227451812183034,0.19317465079932433
2023-03-27 00:00:00-04:00,115.30172201901523,115.88963756766505,-0.5879155486498178,-0.5098931207227421
2023-03-28 00:00:00-04:00,116.16749584432425,116.07343583927874,0.09406000504550605,0.08096929727361568
2023-03-29 00:00:00-04:00,114.5371900625247,115.66513062743304,-1.127940564908343,-0.9847810691816444
2023-03-30 00:00:00-04:00,115.505294692229,115.58192934297404,-0.07663465074503506,-0.06634730550597946
2023-03-31 00:00:00-04:00,114.25022899822262,113.89086999141185,0.35935900681077726,0.3145367934591779
2023-04-03 00:00:00-04:00,113.46439193645232,113.87253643804601,-0.4081445015936964,-0.35971153119322646
2023-04-04 00:00:00-04:00,113.37846443337315,113.98913251939372,-0.6106680860205671,-0.5386102987657115
2023-04-05 00:00:00-04:00,114.03947400285887,114.07045718984837,-0.030983186989502087,-0.02716882663692869
2023-04-06 00:00:00-04:00,113.17980696377377,113.97649560949243,-0.7966886457186604,-0.7039141231029505
2023-04-10 00:00:00-04:00,114.90872061284229,114.44815702557594,0.4605635872663498,0.4008082109086478
2023-04-11 00:00:00-04:00,114.15773968842673,113.62745765968232,0.5302820287444092,0.4645169308640131
2023-04-12 00:00:00-04:00,113.49132579425614,112.8217139376251,0.6696118566310361,0.5900114849701804
2023-04-13 00:00:00-04:00,112.17427420155626,112.22568689354163,-0.05141269198537657,-0.045832872422243216
2023-04-14 00:00:00-04:00,113.77709743971366,112.56218518981927,1.2149122498943825,1.067800354582011
2023-04-17 00:00:00-04:00,112.25095472278925,112.816666351387,-0.5657116285977537,-0.5039704383760601
2023-04-18 00:00:00-04:00,111.79106971479706,113.75713562591154,-1.9660659111144838,-1.7586967511182587
2023-04-19 00:00:00-04:00,113.2062658782626,113.25378438684706,-0.04751850858446005,-0.04197515766093682
2023-04-20 00:00:00-04:00,114.34524144712421,113.22826168737421,1.116979759749995,0.9768484858781914
2023-04-21 00:00:00-04:00,116.18234713812073,113.7240440765402,2.458303061580537,2.115900670054496
2023-04-24 00:00:00-04:00,115.92049106173863,113.32558058125792,2.5949104804807064,2.238526128308645
2023-04-25 00:00:00-04:00,113.19068576160068,113.85624235954077,-0.6655565979400961,-0.587995905724853
2023-04-26 00:00:00-04:00,116.21997232965367,115.33499901244738,0.8849733172062884,0.7614640577405183
2023-04-27 00:00:00-04:00,115.35255574411929,115.14711616937976,0.205439574739529,0.17809711576329976
2023-04-28 00:00:00-04:00,116.94922056782481,113.65671441386998,3.2925061539548324,2.8153297114497144
2023-05-01 00:00:00-04:00,112.93299554810704,112.91368525952959,0.019310288577457868,0.017098889907008707
2023-05-02 00:00:00-04:00,110.4648471183847,112.5957958920403,-2.1309487736556036,-1.9290741165575283
2023-05-03 00:00:00-04:00,114.35379985990714,112.4488590170236,1.9049408428835477,1.6658308208535768
2023-05-04 00:00:00-04:00,113.97129462818091,112.56500511734272,1.4062895108381923,1.2338979875819263
2023-05-05 00:00:00-04:00,111.7976964558354,113.07105978434599,-1.2733633285105839,-1.1389888780164747
2023-05-08 00:00:00-04:00,111.32982486424117,112.37314274925703,-1.0433178850158527,-0.937141405088982
2023-05-09 00:00:00-04:00,112.89701804736981,111.97317612719897,0.9238419201708439,0.8183049793070836
2023-05-10 00:00:00-04:00,111.20558646970318,111.75084712523127,-0.5452606555280965,-0.4903176835245118
2023-05-11 00:00:00-04:00,113.07297248462386,112.05109806985955,1.0218744147643122,0.9037300358432436
2023-05-12 00:00:00-04:00,110.1826937431175,110.75429076192452,-0.5715970188070258,-0.5187720497555274
2023-05-15 00:00:00-04:00,111.89033425262512,111.08405638743844,0.8062778651866864,0.7205965292464661
2023-05-16 00:00:00-04:00,113.43585781156345,111.34452939815054,2.09132841341291,1.8436219849344002
2023-05-17 00:00:00-04:00,111.4010372319007,111.47754744477331,-0.07651021287260562,-0.06867998249723319
2023-05-18 00:00:00-04:00,110.19818511165279,110.98127582552749,-0.7830907138746994,-0.7106203365157711
2023-05-19 00:00:00-04:00,109.9205344433545,110.72817161371957,-0.8076371703650693,-0.7347464006202318
2023-05-22 00:00:00-04:00,110.85627616035748,110.13334434564662,0.7229318147108614,0.6521343127791116
2023-05-23 00:00:00-04:00,110.2961949886657,109.73537312250645,0.5608218661592588,0.5084689151941191
2023-05-24 00:00:00-04:00,110.11847937002617,108.62987623677492,1.488603133251246,1.3518195508758888
2023-05-25 00:00:00-04:00,103.8280169146394,105.68610467842757,-1.8580877637881628,-1.7895822524625131
2023-05-26 00:00:00-04:00,104.90071054368727,105.36599905974273,-0.46528851605546606,-0.44355134835973353
2023-05-30 00:00:00-04:00,105.20670887088909,104.78234970914265,0.4243591617464375,0.4033575104675274
2023-05-31 00:00:00-04:00,103.83145880849544,104.30656641768992,-0.47510760919448103,-0.4575757816046479
2023-06-01 00:00:00-04:00,105.76489407473137,105.3269609056897,0.43793316904167057,0.4140628824647956
2023-06-02 00:00:00-04:00,103.82317960486387,104.84096425483392,-1.0177846499700536,-0.9803057986122136
2023-06-05 00:00:00-04:00,105.33918764292333,105.01335625285333,0.3258313900700074,0.3093164067056451
2023-06-06 00:00:00-04:00,105.70492623748856,105.15651353982572,0.5484126976628403,0.5188147016258398
2023-06-07 00:00:00-04:00,103.70304039091405,104.24928025036775,-0.5462398594536921,-0.5267346621609282
2023-06-08 00:00:00-04:00,104.9356770593934,104.91703353064489,0.018643528748512495,0.017766625489975436
2023-06-09 00:00:00-04:00,104.12817340030074,104.09356494128036,0.034608459020375903,0.0332364026854964
2023-06-12 00:00:00-04:00,103.84150466064345,104.3033648149489,-0.46186015430545524,-0.44477413517343123
2023-06-13 00:00:00-04:00,105.93550020083511,103.90959886853224,2.0259013323028654,1.9123913404497193
2023-06-14 00:00:00-04:00,105.27513011149283,104.37359548873921,0.9015346227536156,0.8563604925482733
2023-06-15 00:00:00-04:00,105.38600011506021,104.63756759122867,0.7484325238315392,0.7101821143362517
2023-06-16 00:00:00-04:00,104.06569987689774,105.71806048448705,-1.6523606075893156,-1.5878052129990379
2023-06-20 00:00:00-04:00,106.39037312537126,106.25703967881235,0.13333344655890755,0.12532472877201623
2023-06-21 00:00:00-04:00,108.51353399452313,107.73396585327701,0.7795681412461164,0.7184063706610667
2023-06-22 00:00:00-04:00,106.7073572071783,106.84258534024673,-0.13522813306842352,-0.1267280313257787
2023-06-23 00:00:00-04:00,105.93293105266643,106.83520470650213,-0.9022736538356924,-0.8517404784987125
2023-06-26 00:00:00-04:00,106.94679636168445,107.11891355826484,-0.1721171965803876,-0.16093721592024385
2023-06-27 00:00:00-04:00,107.33935118807986,107.09854926960983,0.24080191847002652,0.2243370355836172
2023-06-28 00:00:00-04:00,107.1931938169344,108.52834586497144,-1.3351520480370453,-1.2455567377880645
2023-06-29 00:00:00-04:00,110.05767141948748,110.42916782306906,-0.3714964035815882,-0.33754703219698395
2023-06-30 00:00:00-04:00,109.68831765852669,111.11835421750992,-1.4300365589832325,-1.3037273152781077
2023-07-03 00:00:00-04:00,111.62411635035,110.51472181404354,1.1093945363064535,0.9938663548515294
2023-07-05 00:00:00-04:00,108.90440574107383,109.14061544272515,-0.23620970165131894,-0.21689636892461486
2023-07-06 00:00:00-04:00,107.79928088958553,107.64486415807161,0.1544167315139191,0.14324467681011893
2023-07-07 00:00:00-04:00,106.86078920950763,107.71190775213852,-0.8511185426308856,-0.7964741313693757
2023-07-10 00:00:00-04:00,107.65451743271609,108.68679717901026,-1.032279746294165,-0.9588819595418635
2023-07-11 00:00:00-04:00,109.25479733047396,108.80198004749468,0.45281728297928225,0.4144598626727578
2023-07-12 00:00:00-04:00,109.87600548580977,109.17145136023667,0.7045541255730967,0.6412265557506897
2023-07-13 00:00:00-04:00,108.78708210665523,108.59221641242391,0.19486569423132494,0.1791257660907551
2023-07-14 00:00:00-04:00,108.6917306855308,107.81683784229237,0.8748928432384275,0.8049304558133183
2023-07-17 00:00:00-04:00,105.90479442218832,107.46903833440827,-1.5642439122199505,-1.4770284204359143
2023-07-18 00:00:00-04:00,108.16731175279028,107.5020003013504,0.6653114514398766,0.6150762560877956
2023-07-19 00:00:00-04:00,106.24653220257116,106.1000814570637,0.14645074550746529,0.13784049462267645
2023-07-20 00:00:00-04:00,105.10231567844382,106.34890940334147,-1.2465937248976502,-1.1860763645889136
2023-07-21 00:00:00-04:00,107.56250899452917,106.13728175690429,1.4252272376248811,1.3250223065151547
2023-07-24 00:00:00-04:00,105.93485146762077,106.20392925156428,-0.26907778394350146,-0.2540030785107068
2023-07-25 00:00:00-04:00,105.80692982306296,105.8797427780799,-0.07281295501694274,-0.06881681109045047
2023-07-26 00:00:00-04:00,106.51938486171794,107.2829678349885,-0.7635829732705588,-0.7168488386051348
2023-07-27 00:00:00-04:00,108.47005496626103,108.39689072166661,0.07316424459442317,0.06745109939990393
2023-07-28 00:00:00-04:00,109.97780890456438,109.20569350665811,0.7721153979062763,0.7020647215987873
2023-07-31 00:00:00-04:00,108.36294767400561,108.53259227427291,-0.1696446002673042,-0.15655222002418728
2023-08-01 00:00:00-04:00,106.67429468532434,107.7893308101881,-1.1150361248637637,-1.0452716168904412
2023-08-02 00:00:00-04:00,108.06346933838233,108.20680821523588,-0.14333887685354796,-0.1326432306228358
2023-08-03 00:00:00-04:00,109.39427077422127,110.48219623977944,-1.0879254655581718,-0.9944994905661377
2023-08-04 00:00:00-04:00,110.11277075316735,109.80298894701892,0.3097818061484361,0.28133140600271866
2023-08-07 00:00:00-04:00,108.60860611120512,108.41128452111701,0.19732159008810868,0.18168135763207358
2023-08-08 00:00:00-04:00,107.48399333675309,107.95998931956845,-0.4759959828153626,-0.44285290119808046
2023-08-09 00:00:00-04:00,106.61343079223418,106.83416535050416,-0.22073455826998156,-0.20704198019867123
2023-08-10 00:00:00-04:00,106.61561390889236,106.70766759391091,-0.0920536850185556,-0.08634165451339935
2023-08-11 00:00:00-04:00,109.71623347801993,108.9687069310229,0.7475265469970367,0.6813272050090863
2023-08-14 00:00:00-04:00,108.8920231582825,108.75036698141743,0.14165617686506948,0.13008866283911533
2023-08-15 00:00:00-04:00,109.47219125114886,109.82951722056178,-0.35732596941292627,-0.32640798117684183
2023-08-16 00:00:00-04:00,109.37306900363645,109.66425679377114,-0.29118779013469975,-0.2662335370007934
2023-08-17 00:00:00-04:00,109.9586582415362,109.10727358789825,0.8513846536379504,0.7742770485319955
2023-08-18 00:00:00-04:00,110.95689108496019,110.83630952609596,0.12058155886423094,0.10867424067595864
2023-08-21 00:00:00-04:00,111.72714430352482,111.26852613665761,0.45861816686721113,0.4104805235344607
2023-08-22 00:00:00-04:00,113.37474395761724,111.82193240329647,1.552811554320769,1.3696273968223953
2023-08-23 00:00:00-04:00,113.89133755417096,113.77618301404804,0.1151545401229157,0.10110912962818083
2023-08-24 00:00:00-04:00,112.92898553200826,113.26782953452731,-0.33884400251905333,-0.30005051486361967
2023-08-25 00:00:00-04:00,112.57060332912934,112.47686003928013,0.09374328984921476,0.0832751065348135
2023-08-28 00:00:00-04:00,113.3033288818054,111.99755381354349,1.3057750682619087,1.15245958009235
2023-08-29 00:00:00-04:00,112.74841853065436,112.70800865854059,0.04040987211377001,0.035840744056896245
2023-08-30 00:00:00-04:00,111.16427087028444,111.71010547789804,-0.5458346076135996,-0.49101622611326623
2023-08-31 00:00:00-04:00,111.34772471862789,111.67375421715354,-0.32602949852565644,-0.29280301806752
2023-09-01 00:00:00-04:00,111.02261572407471,111.48404484243721,-0.4614291183625028,-0.4156172283936237
2023-09-05 00:00:00-04:00,112.05042694397736,111.40519550550032,0.6452314384770403,0.5758402320052214
2023-09-06 00:00:00-04:00,112.22489987269982,111.6467255636221,0.578174309077724,0.5151925372475851
2023-09-07 00:00:00-04:00,109.03942631835562,110.75013036245065,-1.7107040440950243,-1.5688857708223707
2023-09-08 00:00:00-04:00,110.59571938516603,109.7012056883186,0.8945136968474401,0.8088140317005968
2023-09-11 00:00:00-04:00,109.5945021264222,109.28678245972759,0.3077196666946094,0.2807802040467695
2023-09-12 00:00:00-04:00,107.46449581729271,108.57019236190875,-1.1056965446160376,-1.028894739799369
2023-09-13 00:00:00-04:00,106.4701792144118,106.95217815597434,-0.4819989415625372,-0.45270792734543824
2023-09-14 00:00:00-04:00,105.93459165436019,105.94512530570037,-0.01053365134018236,-0.009943542685802954
2023-09-15 00:00:00-04:00,106.02245995183036,105.61288736039313,0.40957259143722524,0.38630738394799374
2023-09-18 00:00:00-04:00,103.86312972434764,104.07129919782122,-0.20816947347357484,-0.20042672893264032
2023-09-19 00:00:00-04:00,103.73799274388472,104.35820929352167,-0.6202165496369503,-0.5978682768310182
2023-09-20 00:00:00-04:00,103.68429029383333,104.14439695625767,-0.4601066624243373,-0.44375735332751975
2023-09-21 00:00:00-04:00,103.71904862635283,103.7997209681513,-0.0806723417984756,-0.07777967776111905
2023-11-02 00:00:00-04:00,115.69920814851025,115.47251524154493,0.22669290696532585,0.19593298052165167
2023-11-03 00:00:00-04:00,115.73083381177577,116.47341799287818,-0.7425841811024156,-0.6416476548593367
2023-11-06 00:00:00-05:00,114.5869633385647,115.64169032849347,-1.054726989928767,-0.9204598491823323
2023-11-07 00:00:00-05:00,112.0667576689958,113.60550714663191,-1.5387494776361024,-1.3730650459086229
2023-11-08 00:00:00-05:00,112.5149198582834,113.2149880782225,-0.700068219939098,-0.6222003453594057
2023-11-09 00:00:00-05:00,112.92758109254274,114.23375306083652,-1.306171968293782,-1.15664566234124
2023-11-10 00:00:00-05:00,113.21873628762606,114.55124875528615,-1.332512467660095,-1.1769363546638778
2023-11-13 00:00:00-05:00,114.02970125569092,114.49092325227831,-0.4612219965873834,-0.40447531784124974
2023-11-14 00:00:00-05:00,113.40658551526376,113.5598402906719,-0.15325477540814347,-0.1351374567110271
2023-11-15 00:00:00-05:00,113.761118506627,114.12240041430077,-0.3612819076737708,-0.31757942644764414
2023-11-16 00:00:00-05:00,114.11502835651106,113.69044748516166,0.4245808713494057,0.3720639406257312
2023-11-17 00:00:00-05:00,116.6051337329032,114.66306215592364,1.9420715769795578,1.665511212763655
2023-11-20 00:00:00-05:00,116.35442097003582,116.71654063120513,-0.3621196611693165,-0.3112212309170198
2023-11-21 00:00:00-05:00,118.03577123046527,117.36085338631719,0.6749178441480836,0.571790938553961
2023-11-22 00:00:00-05:00,117.171573333125,117.71891863919957,-0.5473453060745754,-0.46713148121553655
2023-11-24 00:00:00-05:00,121.29806003217853,117.7136094047494,3.5844506274291206,2.955076632287623
2023-11-27 00:00:00-05:00,115.32620286463857,116.07242718339388,-0.7462243187553099,-0.6470553093915467
2023-11-28 00:00:00-05:00,116.2952459334805,116.2562363056085,0.039009627872005126,0.03354361354918856
2023-11-29 00:00:00-05:00,117.36413127293594,115.87755126486643,1.4865800080695095,1.2666391272580515
2023-11-30 00:00:00-05:00,117.01887470928412,115.7859952324529,1.232879476831215,1.0535731777408726
2023-12-01 00:00:00-05:00,114.22108019807666,114.08930106893725,0.13177912913941725,0.11537198642395279
2023-12-04 00:00:00-05:00,113.50538560389448,114.05971721582598,-0.5543316119315023,-0.48837472246998176
2023-12-05 00:00:00-05:00,114.00753073573938,114.19406900290494,-0.18653826716555955,-0.1636192503791182
2023-12-06 00:00:00-05:00,114.580225245252,114.27890098249257,0.30132426275942237,0.26298103543997764
2023-12-07 00:00:00-05:00,114.17994357935709,114.17935749322261,0.0005860861344757495,0.0005133004239649228
2023-12-08 00:00:00-05:00,115.79114595416527,114.6449942635957,1.1461516905695674,0.9898439825643143
2023-12-11 00:00:00-05:00,112.99900762996855,113.81055080605361,-0.8115431760850669,-0.7181861089812235
2023-12-12 00:00:00-05:00,112.22427783710019,113.01089462749705,-0.786616790396863,-0.7009328155701579
2023-12-13 00:00:00-05:00,111.88636971681106,112.40791274547468,-0.5215430286636149,-0.46613633991670433
2023-12-14 00:00:00-05:00,112.94419058674625,112.74215370855813,0.20203687818811034,0.17888204531683005
2023-12-15 00:00:00-05:00,113.23054279291539,112.9921189511415,0.23842384177387999,0.21056495526116803
2023-12-18 00:00:00-05:00,112.89336126734734,113.93708294988845,-1.0437216825411042,-0.9245199813560556
2023-12-19 00:00:00-05:00,112.79052460793606,113.41187063899186,-0.6213460310557934,-0.5508849552882343
2023-12-20 00:00:00-05:00,112.10136700329217,113.37593072877512,-1.274563725482949,-1.1369742934941354
2023-12-21 00:00:00-05:00,114.18298637022237,113.86906129745333,0.31392507276903814,0.2749315662065275
2023-12-22 00:00:00-05:00,112.08370657908621,113.44686675617615,-1.363160177089938,-1.2161983384517114
2023-12-26 00:00:00-05:00,114.4842249905159,113.9573918591118,0.5268331314041035,0.4601796723065972
2023-12-27 00:00:00-05:00,116.34855919592917,115.43925908908918,0.9093001068399928,0.7815310418315929
2023-12-28 00:00:00-05:00,114.81659229767943,115.24230899220768,-0.4257166945282478,-0.3707797679838056
2023-12-29 00:00:00-05:00,114.9225491932894,113.76822756193516,1.154321631354236,1.0044344120950282
2024-01-02 00:00:00-05:00,112.8777054037162,113.02160856157853,-0.14390315786232577,-0.12748589931700377
2024-01-03 00:00:00-05:00,112.40609399763089,112.7276066815933,-0.3215126839624105,-0.28602780554690105
2024-01-04 00:00:00-05:00,113.65411841492998,112.59038255867839,1.063735856251597,0.9359413201095765
2024-01-05 00:00:00-05:00,112.08023841664901,112.71263219769791,-0.6323937810489042,-0.5642330797852452
2024-01-08 00:00:00-05:00,113.65814425637544,113.22573957209332,0.432404684282119,0.3804432028265005
2024-01-09 00:00:00-05:00,113.12713135912206,112.52215193598919,0.6049794231328747,0.5347783647163894
2024-01-10 00:00:00-05:00,113.47290429619409,112.12433312108193,1.3485711751121556,1.1884521538217006
2024-01-11 00:00:00-05:00,111.92534433786109,111.90492798553248,0.020416352328609833,0.01824104491202675
2024-01-12 00:00:00-05:00,111.59293704972423,112.2123417300901,-0.619404680365875,-0.5550572435331432
2024-01-16 00:00:00-05:00,112.6729928569788,110.91658891955844,1.7564039374203588,1.5588508771128908
2024-01-17 00:00:00-05:00,108.68896087123785,111.241101292873,-2.552140421635144,-2.348113737749895
2024-01-18 00:00:00-05:00,110.93912150978349,111.5020704367657,-0.5629489269822159,-0.5074395031445877
2024-01-19 00:00:00-05:00,111.90104981796266,111.6511932243816,0.2498565935810575,0.22328351162702842
2024-01-22 00:00:00-05:00,111.17316773726232,111.15669127087638,0.016476466385938693,0.014820542331651324
2024-01-23 00:00:00-05:00,109.26268298020908,110.90762322241578,-1.644940242206701,-1.505491351063246
2024-01-24 00:00:00-05:00,108.94351829025278,110.32051096777221,-1.376992677519425,-1.2639509895859724
2024-01-25 00:00:00-05:00,109.70022221602942,109.91558094259302,-0.21535872656360766,-0.1963156702996536
2024-01-26 00:00:00-05:00,111.10142082140668,108.81095193533872,2.2904688860679556,2.0616017951290098
2024-01-29 00:00:00-05:00,106.31966878059816,105.85472435289101,0.4649444277071524,0.4373080099286372
2024-01-30 00:00:00-05:00,104.40412737600485,105.52149516739762,-1.1173677913927662,-1.0702333513776106
2024-01-31 00:00:00-05:00,105.27637012257306,104.95056349226894,0.3258066303041147,0.30947745436585505
2024-02-01 00:00:00-05:00,105.04090026410664,104.47269565724321,0.5682046068634321,0.5409365356111598
2024-02-02 00:00:00-05:00,104.77626418011255,105.49354713612706,-0.7172829560145146,-0.6845853511072799
2024-02-05 00:00:00-05:00,105.60142744849205,105.00320673848744,0.5982207100046111,0.5664892269532986
2024-02-06 00:00:00-05:00,105.48569911086109,105.16627677878634,0.3194223320747511,0.3028110300895399
2024-02-07 00:00:00-05:00,105.97147067100737,105.31027893701021,0.6611917339971569,0.6239337151881688
2024-02-08 00:00:00-05:00,104.74315743678137,104.41025824202745,0.3328991947539208,0.3178242883835586
2024-02-09 00:00:00-05:00,104.31978642998521,105.07739391375162,-0.7576074837664066,-0.7262356545130381
2024-02-12 00:00:00-05:00,103.93689032646813,104.2504719234342,-0.313581596966074,-0.30170384738383754
2024-02-13 00:00:00-05:00,104.06446122432526,104.46638475372754,-0.40192352940228204,-0.3862255420088906
2024-02-14 00:00:00-05:00,103.06355568046664,104.08609045910794,-1.022534778641301,-0.9921400167984883
2024-02-15 00:00:00-05:00,104.49487092896193,104.53780467344072,-0.04293374447878762,-0.041086939576177844
2024-02-16 00:00:00-05:00,104.66658388473027,104.80390327063458,-0.1373193859043056,-0.13119696927869165
2024-02-20 00:00:00-05:00,104.89366502721114,105.87464443979,-0.9809794125788613,-0.9352132107543188
2024-02-21 00:00:00-05:00,106.29393698942702,106.41826110682491,-0.12432411739789018,-0.11696256712201432
2024-02-22 00:00:00-05:00,107.50346292438077,107.90090508061132,-0.3974421562305537,-0.369701724408747
2024-02-23 00:00:00-05:00,107.07086822874346,107.01071695269684,0.06015127604662496,0.056178937410051914
2024-02-26 00:00:00-05:00,107.89649467578946,107.00317272943163,0.8933219463578297,0.8279434369412182
2024-02-27 00:00:00-05:00,106.11352835264036,107.28103052273546,-1.167502170095105,-1.1002387614661338
2024-02-28 00:00:00-05:00,105.93008213108216,107.2575568760814,-1.3274747449992361,-1.253161253435606
2024-02-29 00:00:00-05:00,109.4436824288274,108.68980836633273,0.753874062494674,0.6888237363403117
2024-03-01 00:00:00-05:00,110.77007733786765,110.59675583899536,0.17332149887228354,0.15646960175320937
2024-03-04 00:00:00-05:00,110.71015288834685,111.29003598154348,-0.5798830931966279,-0.5237849267369815
2024-03-05 00:00:00-05:00,110.96096997012957,110.69254784200061,0.26842212812896094,0.2419067967783803
2024-03-06 00:00:00-05:00,108.25977306060126,109.31335211124863,-1.0535790506473717,-0.9731953253380672
2024-03-07 00:00:00-05:00,108.09744662765196,107.80852885293982,0.2889177747121465,0.26727529994981364
2024-03-08 00:00:00-05:00,107.65516405743863,107.87784846538078,-0.22268440794215394,-0.20684972234433857
2024-03-11 00:00:00-04:00,109.46725429452798,108.85806585689562,0.6091884376323549,0.5565028935441262
2024-03-12 00:00:00-04:00,108.97022855841188,108.97900876948033,-0.008780211068454946,-0.008057440261078689
2024-03-13 00:00:00-04:00,109.11893255872403,109.35487313618641,-0.2359405774623866,-0.21622331884103757
2024-03-14 00:00:00-04:00,109.74972382958127,108.76318839324082,0.9865354363404464,0.8988955980174792
2024-03-15 00:00:00-04:00,106.82055240754852,107.98378703533884,-1.1632346277903167,-1.0889614419444964
2024-03-18 00:00:00-04:00,106.89729930195946,107.64014142895103,-0.7428421269915617,-0.6949119686300111
2024-03-19 00:00:00-04:00,108.081755630222,107.68214529072641,0.3996103394955952,0.3697296894979891
2024-03-20 00:00:00-04:00,106.10185180839105,106.29191017887113,-0.190058370480088,-0.17912823126151814
2024-03-21 00:00:00-04:00,106.2840587667045,106.53516186848154,-0.25110310177703354,-0.23625659829966555
2024-03-22 00:00:00-04:00,105.74851134354407,106.31868340326247,-0.5701720597184021,-0.5391773864939717
2024-03-25 00:00:00-04:00,105.9425578177785,106.37688322259632,-0.43432540481781245,-0.40996310997592994
2024-03-26 00:00:00-04:00,104.43977921304575,106.05526165683946,-1.6154824437937094,-1.5468076014392003
2024-03-27 00:00:00-04:00,107.24602874427437,107.45224975131083,-0.2062210070364614,-0.19228777927823373
2024-03-28 00:00:00-04:00,109.13893220234178,108.5540372542722,0.5848949480695751,0.5359177850349401
2024-04-01 00:00:00-04:00,109.60998830150764,109.35504345575468,0.2549448457529593,0.2325927132221513
2024-04-02 00:00:00-04:00,109.18814749112715,108.66717684304676,0.5209706480803931,0.4771311356140813
2024-04-03 00:00:00-04:00,107.79574747707841,107.91896801751943,-0.12322054044102515,-0.11430927780080255
2024-04-04 00:00:00-04:00,108.26618107162962,108.35450314064721,-0.08832206901759321,-0.08157863161272748
2024-04-05 00:00:00-04:00,111.11443340177937,110.63247305892615,0.4819603428532133,0.43375133913565483
2024-04-08 00:00:00-04:00,109.56548478635109,109.95503998468158,-0.38955519833048413,-0.35554554346207046
2024-04-09 00:00:00-04:00,108.30478207376028,108.5694754724238,-0.2646933986635247,-0.2443967787897463
2024-04-10 00:00:00-04:00,108.1752842383526,108.11840493836958,0.05687929998302366,0.052580679943207954
2024-04-11 00:00:00-04:00,107.41035811832568,106.99731072304768,0.4130473952779994,0.38455080358542054
2024-04-12 00:00:00-04:00,108.74835216245842,106.8697429537759,1.8786092086825192,1.7274829193513461
2024-04-15 00:00:00-04:00,110.7529107272318,109.12546977653766,1.6274409506941367,1.4694340221019433
2024-04-16 00:00:00-04:00,109.42480743169448,108.90020113360845,0.5246062980860273,0.47942172382939663
2024-04-17 00:00:00-04:00,110.76254466613283,110.00115248168291,0.7613921844499174,0.6874094367775242
2024-04-18 00:00:00-04:00,110.32351454654354,109.84799457276756,0.4755199737759739,0.4310232281218348
2024-04-19 00:00:00-04:00,110.06251045882598,109.29290324181773,0.7696072170082573,0.6992455594552014
2024-04-22 00:00:00-04:00,111.07345143311379,111.02207775611656,0.05137367699722972,0.046251985811538346
2024-04-23 00:00:00-04:00,110.09219636094507,111.46420262616735,-1.3720062652222822,-1.2462338935668633
2024-04-24 00:00:00-04:00,112.64384880208306,112.0215841930752,0.622264609007857,0.5524177446219769
2024-04-25 00:00:00-04:00,113.33482493567774,113.977397440482,-0.6425725048042494,-0.5669682775518788
2024-04-26 00:00:00-04:00,112.92810658445481,113.45789241381387,-0.5297858293590565,-0.46913549282157585
2024-04-29 00:00:00-04:00,112.67023874077366,112.65509399158161,0.015144749192046447,0.013441658916593555
2024-04-30 00:00:00-04:00,111.8911953593386,112.18157088211922,-0.2903755227806215,-0.25951597160802553
2024-05-01 00:00:00-04:00,114.0728273519669,112.90019731650435,1.1726300354625465,1.027966135918106
2024-05-02 00:00:00-04:00,111.61395653315894,111.89510332174368,-0.28114678858473496,-0.2518921444212133
2024-05-03 00:00:00-04:00,110.79414039506196,111.85265909596033,-1.0585187008983752,-0.9553923132793698
2024-05-06 00:00:00-04:00,111.8561763402639,111.65642293569684,0.19975340456706192,0.17858057650693931
2024-05-07 00:00:00-04:00,111.79036061217661,111.57667754505583,0.21368306712078322,0.19114623653652305
2024-05-08 00:00:00-04:00,112.48863723606152,111.81904223778852,0.6695949982729985,0.5952556762402845
2024-05-09 00:00:00-04:00,112.20906351175121,110.92353490050864,1.2855286112425688,1.1456548793921095
2024-05-10 00:00:00-04:00,110.84003170327163,109.86376024287989,0.9762714603917431,0.8807931984405295
2024-05-13 00:00:00-04:00,110.91462209850266,109.43821954629063,1.4764025522120363,1.3311162444396658
2024-05-14 00:00:00-04:00,109.54258847875673,108.72485450963372,0.8177339691230117,0.746498672780215
2024-05-15 00:00:00-04:00,106.36650457289565,107.11944513821422,-0.7529405653185677,-0.7078737506153157
2024-05-16 00:00:00-04:00,107.7835927450923,106.11205676700635,1.6715359780859558,1.550825998200979
2024-05-17 00:00:00-04:00,106.29797657993613,105.78306133833802,0.5149152415981177,0.4844073783576691
2024-05-20 00:00:00-04:00,104.67224189050819,104.23429593300413,0.4379459575040556,0.41839741806826547
2024-05-21 00:00:00-04:00,103.4119749256601,104.53733790519013,-1.1253629795300242,-1.088232750935291
2024-05-22 00:00:00-04:00,106.20455600476625,104.32507315584955,1.8794828489166946,1.7696819417354819
2024-05-23 00:00:00-04:00,102.45536269834255,103.9774599770841,-1.5220972787415405,-1.485619921353481
2024-07-09 00:00:00-04:00,115.43692584494518,115.44824967526473,-0.011323830319554418,-0.009809539050584716
2024-07-10 00:00:00-04:00,117.55299925330023,116.45655715892354,1.096442094376684,0.9327214969769493
2024-07-11 00:00:00-04:00,114.43531878360483,115.65252360255828,-1.217204818953448,-1.063661841371859
2024-07-12 00:00:00-04:00,113.68522658733832,113.61133156285277,0.07389502448555163,0.0649996720803314
2024-07-15 00:00:00-04:00,112.41688098976324,113.21796098954428,-0.801079999781038,-0.7125976034275359
2024-07-16 00:00:00-04:00,115.11751721560626,114.22837252027018,0.8891446953360713,0.7723800137825868
2024-07-17 00:00:00-04:00,113.39284299910152,114.56071087423565,-1.1678678751341351,-1.0299308529934195
2024-07-18 00:00:00-04:00,115.71466379968439,114.49694419432375,1.2177196053606423,1.0523468377946095
2024-07-19 00:00:00-04:00,114.2583258224489,113.55891308150142,0.69941274094748,0.6121328453861022
2024-07-22 00:00:00-04:00,109.90317531273463,114.10284941197357,-4.199674099238933,-3.8212491015737844
2024-07-23 00:00:00-04:00,114.57086237155328,113.65510534737417,0.9157570241791007,0.7992931232456826
2024-07-24 00:00:00-04:00,114.82708191477586,114.65507808126968,0.17200383350618154,0.1497937861329978
2024-07-25 00:00:00-04:00,116.86022652722207,116.70609271787774,0.15413380934433007,0.13189586733209463
2024-07-26 00:00:00-04:00,116.22496584463067,117.33406939917568,-1.1091035545450012,-0.9542730741927244
2024-07-29 00:00:00-04:00,119.05313419348666,117.69303449714783,1.3600996963388212,1.1424308192746695
2024-07-30 00:00:00-04:00,116.90987368835981,117.67999173915871,-0.7701180507988994,-0.658727981224033
2024-07-31 00:00:00-04:00,116.35440211983477,116.06713488531672,0.2872672345180547,0.2468898720498729
2024-08-01 00:00:00-04:00,117.52918494960927,116.25423046666599,1.2749544829432864,1.0847982001150813
2024-08-02 00:00:00-04:00,113.89758968663666,115.84840277432298,-1.9508130876863135,-1.7127782010607357
2024-08-05 00:00:00-04:00,116.05749314228325,115.74325125222833,0.314241890054916,0.2707639821839545
2024-08-06 00:00:00-04:00,113.34475515559248,114.0553998494333,-0.7106446938408197,-0.6269762485836171
2024-08-07 00:00:00-04:00,112.83900332902745,114.03136397634538,-1.1923606473179262,-1.0566919346505743
2024-08-08 00:00:00-04:00,115.31263286047445,114.151203687548,1.1614291729264465,1.007200290302753
2024-08-09 00:00:00-04:00,114.11060709020177,114.2234747463735,-0.11286765617172989,-0.09891074900908262
2024-08-12 00:00:00-04:00,114.29692322595547,114.11957560819859,0.17734761775687957,0.15516394733240382
2024-08-13 00:00:00-04:00,114.45468425529724,114.58636249779087,-0.1316782424936349,-0.11504836464352966
2024-08-14 00:00:00-04:00,114.92106314604575,113.76277461078308,1.1582885352626704,1.0078992514981142
2024-08-15 00:00:00-04:00,114.36184658129719,112.95893375960628,1.4029128216909044,1.226731522469433
2024-08-16 00:00:00-04:00,110.84798904537286,112.3541005573722,-1.5061115119993502,-1.3587179388368165
2024-08-19 00:00:00-04:00,112.76088997285181,112.69433024582594,0.06655972702587576,0.05902731615713623
2024-08-20 00:00:00-04:00,113.23295881389164,112.94574981000994,0.28720900388169923,0.25364435133568536
2024-08-21 00:00:00-04:00,115.79770540117029,113.9014329091153,1.8962724920549903,1.6375734609641288
2024-08-22 00:00:00-04:00,113.18897713658589,113.37870702074267,-0.18972988415677605,-0.16762222696634826
2024-08-23 00:00:00-04:00,113.59540939168856,113.35477933927908,0.24063005240948598,0.21183078937615252
2024-08-26 00:00:00-04:00,115.99616445691333,113.8692030329745,2.1269614239388375,1.833648064052062
2024-08-27 00:00:00-04:00,112.79383154663996,113.45309009947336,-0.6592585528333927,-0.5844810339302916
2024-08-28 00:00:00-04:00,113.12350041731175,113.98755310240337,-0.8640526850916217,-0.7638136036315512
2024-08-29 00:00:00-04:00,113.25140923854872,115.45992165932434,-2.2085124207756195,-1.9500970766056323
2024-08-30 00:00:00-04:00,115.15634985122118,115.25275013993001,-0.09640028870883555,-0.0837125254780844
2024-09-03 00:00:00-04:00,114.03963446441686,113.78507804021878,0.25455642419808555,0.22321750275121527
2024-09-04 00:00:00-04:00,112.49439304139445,113.02928817805814,-0.5348951366636925,-0.47548604175042547
2024-09-05 00:00:00-04:00,110.8285562145545,112.7302171822794,-1.901660967724908,-1.715858288403087
2024-09-06 00:00:00-04:00,113.62450455557288,112.57386926412978,1.0506352914431005,0.9246555534411529
2024-09-09 00:00:00-04:00,112.40184443496481,112.6942219838159,-0.2923775488510785,-0.26011810599802637
2024-09-10 00:00:00-04:00,114.19905582226116,113.21751895126357,0.9815368709975871,0.8594964852645071
2024-09-11 00:00:00-04:00,114.40510505290693,112.51706429068022,1.8880407622267086,1.650311637189249
2024-09-12 00:00:00-04:00,111.59446257234966,112.12003865149487,-0.5255760791452104,-0.4709696762995435
2024-09-13 00:00:00-04:00,111.5471408757586,111.89084727459466,-0.343706398836062,-0.30812658768088264
2024-09-16 00:00:00-04:00,110.63773934157929,112.18463333535941,-1.5468939937801167,-1.398161244965687
2024-09-17 00:00:00-04:00,109.87384305503895,110.8996475466148,-1.0258044915758546,-0.9336202894641629
2024-09-18 00:00:00-04:00,111.01449646638378,111.21861323763999,-0.20411677125620997,-0.18386497056987366
2024-09-19 00:00:00-04:00,113.10701781832182,111.49683065364577,1.6101871646760486,1.4235961620546058
2024-09-20 00:00:00-04:00,111.7637349316202,111.62564497139998,0.13808996022022768,0.12355524831441478
2024-09-23 00:00:00-04:00,112.89288428098727,111.12350147815032,1.769382802836958,1.5673111853826083
2024-09-24 00:00:00-04:00,110.5703044417031,110.88890066984398,-0.3185962281408763,-0.28813905302110515
2024-09-25 00:00:00-04:00,109.26156607445128,110.29782865283298,-1.0362625783816952,-0.9484236915253271
2024-09-26 00:00:00-04:00,110.10452176258852,109.89121483678562,0.21330692580289679,0.1937313040265841
2024-09-27 00:00:00-04:00,111.0824293509538,108.77239923491885,2.3100301160349517,2.0795639144122813
2024-09-30 00:00:00-04:00,105.52685795948182,105.81329905398134,-0.2864410944995228,-0.27143904408629793
2024-10-01 00:00:00-04:00,105.75670947438319,105.49695997334217,0.25974950104101424,0.24561042257459023
2024-10-02 00:00:00-04:00,104.6602398956473,104.91207801810778,-0.25183812246048376,-0.24062444602800634
2024-10-03 00:00:00-04:00,103.08064888959521,104.43791681465441,-1.3572679250592046,-1.3167048710693603
2024-10-04 00:00:00-04:00,106.56715183509941,105.44891921957908,1.118232615520327,1.0493220436731434
2024-10-07 00:00:00-04:00,105.19443460310805,104.95412265820472,0.24031194490332553,0.22844549315751095
2024-10-08 00:00:00-04:00,105.3042512926606,105.12155025615958,0.18270103650101532,0.173498253164779
2024-10-09 00:00:00-04:00,104.43098307293667,105.27409199962956,-0.8431089266928922,-0.8073360049709081
2024-10-10 00:00:00-04:00,104.80990463773696,104.36432264188039,0.4455819958565712,0.42513348084484254
2024-10-11 00:00:00-04:00,104.18226822939288,105.02010642723415,-0.837838197841279,-0.8042042202387951
2024-10-14 00:00:00-04:00,103.64991415791232,104.18604046115195,-0.5361263032396266,-0.5172472235942517
2024-10-15 00:00:00-04:00,104.37341037034493,104.40923528208009,-0.03582491173516189,-0.03432379147911855
2024-10-16 00:00:00-04:00,104.79597696825341,104.0310823368885,0.7648946313649105,0.7298893082476109
2024-10-17 00:00:00-04:00,103.61723880577567,104.48245485194751,-0.8652160461718381,-0.8350116796623329
2024-10-18 00:00:00-04:00,105.09014646399424,104.73574941970762,0.3543970442866282,0.33723146861161807
2024-10-21 00:00:00-04:00,106.18560241642285,105.82769001136678,0.35791240505606936,0.33706302635310376
2024-10-22 00:00:00-04:00,106.0909896576474,106.3626027847613,-0.27161312711389485,-0.2560190342180638
2024-10-23 00:00:00-04:00,109.64287490762601,107.84738418757091,1.7954907200550991,1.637580847426518
2024-10-24 00:00:00-04:00,107.92258268269174,106.94834931096162,0.9742333717301221,0.9027150273029617
2024-10-25 00:00:00-04:00,106.84104998180553,106.93292420970342,-0.09187422789788968,-0.085991505992814
2024-10-28 00:00:00-04:00,106.53747073515706,107.22600355785258,-0.688532822695521,-0.6462823060697152
2024-10-29 00:00:00-04:00,106.28413265608498,107.2029238435925,-0.918791187507523,-0.8644669383345815
2024-10-30 00:00:00-04:00,110.23695230214254,108.63735451137889,1.599597790763653,1.4510540770207447
2024-10-31 00:00:00-04:00,111.84376777022442,110.53331259726117,1.3104551729632448,1.1716836790186538
2024-11-01 00:00:00-04:00,111.34563466396624,111.21884182968158,0.12679283428465737,0.11387319733486613
2024-11-04 00:00:00-05:00,112.07400045336232,110.62778684269355,1.4462136106687637,1.2904095551319068
2024-11-05 00:00:00-05:00,109.00916989109311,109.25417172276782,-0.24500183167471334,-0.22475341470766663
2024-11-06 00:00:00-05:00,108.21770296710275,107.75250756686802,0.4651954002347338,0.4298699634903073
2024-11-07 00:00:00-05:00,106.87507627908207,107.80536531994562,-0.9302890408635562,-0.8704452649318347
2024-11-08 00:00:00-05:00,107.8304649912556,108.76583712030936,-0.9353721290537607,-0.8674469957350307
2024-11-11 00:00:00-05:00,109.96165745052791,108.90632278964338,1.055334660884526,0.959729677919164
2024-11-12 00:00:00-05:00,109.22222866961259,109.27921272227296,-0.056984052660368434,-0.052172578196275465
2024-11-13 00:00:00-05:00,108.54483706514227,108.70050738099377,-0.15567031585149493,-0.14341567969563646
2024-11-14 00:00:00-05:00,107.62474443595595,107.92014145852502,-0.29539702256907674,-0.2744694299783988
2024-11-15 00:00:00-05:00,107.125847271741,107.56333350029749,-0.43748622855649444,-0.40838531474737755
2024-11-18 00:00:00-05:00,106.72736723104259,107.61337813097157,-0.8860108999289764,-0.8301627997727582
2024-11-19 00:00:00-05:00,105.5519935520487,106.21480653936811,-0.6628129873194126,-0.6279492835846565
2024-11-20 00:00:00-05:00,107.16113414310514,106.46863405999984,0.6925000831053012,0.6462231747011212
2024-11-21 00:00:00-05:00,107.31857113295092,106.248178687857,1.0703924450939155,0.9973972200653572
2024-11-22 00:00:00-05:00,106.04691549959033,106.30708619887983,-0.2601706992895032,-0.24533547068656447
2024-11-25 00:00:00-05:00,106.26730078349243,106.00013320424661,0.2671675792458217,0.2514109018259016
2024-11-26 00:00:00-05:00,107.84672023060932,107.40401556134492,0.4427046692644012,0.41049432779945744
2024-11-27 00:00:00-05:00,109.05919646166492,108.496971006705,0.562225454959929,0.5155231958430533
2024-11-29 00:00:00-05:00,110.36961105915128,109.29562886898854,1.073982190162738,0.9730778063421371
2024-12-02 00:00:00-05:00,108.50840117093152,108.60555803315448,-0.09715686222295972,-0.08953856215235362
2024-12-03 00:00:00-05:00,108.95276653930154,107.86881077343737,1.083955765864161,0.994885949475322
2024-12-04 00:00:00-05:00,106.91589005196387,108.29573176679982,-1.3798417148359476,-1.2905861927215019
2024-12-05 00:00:00-05:00,111.34002607247628,110.54833248655251,0.7916935859237668,0.7110592783662701
2024-12-06 00:00:00-05:00,110.0358744066953,109.8657865684277,0.1700878382676052,0.15457489585528839
2024-12-09 00:00:00-05:00,108.42427577979926,108.47539125296356,-0.05111547316430176,-0.04714393782819731
2024-12-10 00:00:00-05:00,109.15643020712567,108.0451885466423,1.1112416604833726,1.0180267514930434
2024-12-11 00:00:00-05:00,107.44836014937395,106.91351363232785,0.5348465170461054,0.4977707582531419
2024-12-12 00:00:00-05:00,105.07620413487695,106.77663006165876,-1.7004259267818185,-1.618278791836764
2024-12-13 00:00:00-05:00,108.54287992566042,109.02770921539482,-0.48482928973440664,-0.44667074437905074
2024-12-16 00:00:00-05:00,108.9250933475862,108.80554380007999,0.11954954750621027,0.10975390870193778
2024-12-17 00:00:00-05:00,110.10767425747609,109.91062767635326,0.19704658112283369,0.17895808121608256
2024-12-18 00:00:00-05:00,106.36657286746377,109.74554053017161,-3.3789676627078364,-3.176719500888818
2024-12-19 00:00:00-05:00,110.89458901062868,109.17216683246315,1.7224221781655302,1.553206692528925
2024-12-20 00:00:00-05:00,110.11947645713958,110.91430028091592,-0.7948238237763405,-0.7217831480389392
2024-12-23 00:00:00-05:00,108.69737865429866,111.35704570833177,-2.6596670540331075,-2.4468548247993334
2024-12-24 00:00:00-05:00,110.894497214707,111.9265810839434,-1.032083869236402,-0.9306898855748863
2024-12-26 00:00:00-05:00,112.66265332948294,113.88920563943682,-1.2265523099538882,-1.0886946771676191
2024-12-27 00:00:00-05:00,112.99441123990258,113.37291310762848,-0.3785018677259018,-0.3349739722279632
2024-12-30 00:00:00-05:00,112.29065777591478,112.57799824765445,-0.28734047173966815,-0.2558899176751459
2024-12-31 00:00:00-05:00,114.15064456857664,112.11130249876486,2.039342069811781,1.786535746266973
2025-01-02 00:00:00-05:00,113.73998810860002,112.84217126317637,0.8978168454236481,0.7893590111565725
2025-01-03 00:00:00-05:00,112.35927184220529,111.83743267279546,0.5218391694098301,0.4644380128617145
2025-01-06 00:00:00-05:00,112.62144126043518,111.7875382964126,0.8339029640225704,0.7404477821360711
2025-01-07 00:00:00-05:00,112.93748146471012,111.58310449066558,1.3543769740445413,1.1992271799223246
2025-01-08 00:00:00-05:00,108.14739991180879,111.50967783527314,-3.3622779234643474,-3.108977124005008
2025-01-10 00:00:00-05:00,111.89647068374894,111.76315905753789,0.13331162621105364,0.1191383654877105
2025-01-13 00:00:00-05:00,111.02623111804434,110.85876242059368,0.1674686974506585,0.15083705513934262
2025-01-14 00:00:00-05:00,110.66628645972223,109.77696119620194,0.8893252635202913,0.8036099267178063
2025-01-15 00:00:00-05:00,108.34314673451722,109.35028082451034,-1.0071340899931158,-0.9295780308661197
2025-01-16 00:00:00-05:00,108.80856369421157,108.65126400164607,0.15729969256550191,0.14456554449847037
2025-01-17 00:00:00-05:00,107.30454643289745,107.03417600370659,0.2703704291908622,0.2519654927761495
2025-01-21 00:00:00-05:00,105.1860659408197,106.0163085419021,-0.8302426010824036,-0.7893085397352142
2025-01-22 00:00:00-05:00,105.67914627697424,105.67915902684159,-1.2749867352113142e-05,-1.2064695638907834e-05
2025-01-23 00:00:00-05:00,105.13264461818201,104.13586889880497,0.996775719377041,0.9481124754324454
2025-01-24 00:00:00-05:00,105.77435577288259,104.44665599186395,1.3276997810186373,1.2552189718550102
2025-01-27 00:00:00-05:00,105.173232878207,104.21309090249665,0.9601419757103571,0.9129147687437006
2025-01-28 00:00:00-05:00,102.30746748150641,103.8509723044746,-1.5435048229681883,-1.5086922401311513
2025-03-12 00:00:00-04:00,114.88708736951574,115.48037402350236,-0.593286653986624,-0.5164084733721321
2025-03-13 00:00:00-04:00,118.0918800662766,116.46685317260268,1.625026893673919,1.3760699658282234
2025-03-14 00:00:00-04:00,115.73829600138697,115.63253059127884,0.105765410108134,0.09138324458039934
2025-03-17 00:00:00-04:00,114.07562141414324,113.58573034266034,0.48989107148290145,0.42944414013261223
2025-03-18 00:00:00-04:00,114.19366085196098,113.20641717215284,0.9872436798081452,0.8645345743736105
2025-03-19 00:00:00-04:00,114.80850725370858,114.2235180877381,0.5849891659704838,0.5095346851586098
2025-03-20 00:00:00-04:00,114.11675584900408,114.54460007824179,-0.4278442292377065,-0.3749179741876095
2025-03-21 00:00:00-04:00,114.56403713383362,114.48186761846456,0.08216951536905981,0.07172365554215712
2025-03-24 00:00:00-04:00,115.34113322765319,113.54151186656715,1.7996213610860394,1.5602598229497695
2025-03-25 00:00:00-04:00,113.55382811174238,114.11260057589527,-0.558772464152895,-0.4920771703117189
2025-03-26 00:00:00-04:00,113.64888228028913,113.6731969199417,-0.024314639652573078,-0.02139452598627987
2025-03-27 00:00:00-04:00,115.62929416004609,114.6377804556861,0.9915137043599884,0.857493519754262
2025-03-28 00:00:00-04:00,114.81669782426644,116.68995882059268,-1.8732609963262377,-1.631523142385937
2025-03-31 00:00:00-04:00,119.12060721452073,117.31895412122586,1.801653093294874,1.5124613074296465
2025-04-01 00:00:00-04:00,117.59512172601187,117.6816856691155,-0.08656394310362714,-0.07361184871708783
2025-04-02 00:00:00-04:00,117.5807348162913,117.66408447656366,-0.08334966027236135,-0.07088717416385197
2025-04-03 00:00:00-04:00,115.7830858471137,116.0359534170977,-0.25286756998400506,-0.21839767711659125
2025-04-04 00:00:00-04:00,116.71026610875948,116.22438406577065,0.485882042988834,0.41631474178634137
2025-04-07 00:00:00-04:00,114.16424402645936,115.8482018066208,-1.6839577801614496,-1.4750308159279415
2025-04-08 00:00:00-04:00,115.77644260924049,115.75539002152041,0.02105258772007801,0.018183826731602938
2025-04-09 00:00:00-04:00,112.17401989678484,114.06169899233055,-1.8876790955457068,-1.6828130945852036
2025-04-10 00:00:00-04:00,113.17638514705183,114.04324153301535,-0.8668563859635157,-0.7659339753935379
2025-04-11 00:00:00-04:00,115.52282470568869,114.17219152533669,1.3506331803520055,1.1691483339270325
2025-04-14 00:00:00-04:00,115.0923987209709,114.26667758216541,0.8257211388054913,0.7174419405467106
2025-04-15 00:00:00-04:00,114.23726946502254,114.15725969746248,0.08000976756005684,0.0700382352753577
2025-04-16 00:00:00-04:00,113.8784040889277,114.617048144828,-0.7386440559003091,-0.6486252260116867
2025-04-17 00:00:00-04:00,113.69931444859711,113.78826282591226,-0.08894837731514826,-0.07823123450349508
2025-04-21 00:00:00-04:00,111.85197642045043,112.97839991656433,-1.126423496113901,-1.00706624251295
2025-04-22 00:00:00-04:00,113.5562970444958,112.39409446378151,1.1622025807142933,1.0234593861922925
2025-04-23 00:00:00-04:00,113.05931821929778,112.72225675741879,0.33706146187898867,0.29812798023883413
2025-04-24 00:00:00-04:00,114.82324791451916,112.97330704720066,1.8499408673184945,1.6111204838028044
2025-04-25 00:00:00-04:00,113.82548321554312,113.928024783835,-0.10254156829188332,-0.09008665317739767
2025-04-28 00:00:00-04:00,113.87313888792681,113.40248202545045,0.4706568624763605,0.41331684282416936
2025-04-29 00:00:00-04:00,114.55161895625312,113.3813595196278,1.1702594366253294,1.021600084999451
2025-04-30 00:00:00-04:00,114.19717300152406,113.88018573022076,0.3169872713033044,0.27757891283269676
2025-05-01 00:00:00-04:00,113.17488375424962,113.46665795498012,-0.29177420073050087,-0.2578082619144241
2025-05-02 00:00:00-04:00,112.9335172332737,113.99200021872532,-1.0584829854516187,-0.9372620382177886
2025-05-05 00:00:00-04:00,114.80653178407681,115.45703631985356,-0.6505045357767472,-0.5666093432734195
2025-05-06 00:00:00-04:00,115.62657278762144,115.26774288534558,0.35882990227585765,0.3103351536112231
2025-05-07 00:00:00-04:00,113.54613488635775,113.78585368922457,-0.23971880286681824,-0.21112017868925256
2025-05-08 00:00:00-04:00,114.40337256657841,113.02787271277597,1.375499853802438,1.2023245669632243
2025-05-09 00:00:00-04:00,113.42452724192509,112.72181767081058,0.7027095711145108,0.6195393432107411
2025-05-12 00:00:00-04:00,114.05500327040676,112.56246155232755,1.4925417180792095,1.3086157338846627
2025-05-13 00:00:00-04:00,112.33732795437122,112.6880569429381,-0.3507289885668854,-0.31221054920350544
2025-05-14 00:00:00-04:00,113.30198106995431,113.20146729173393,0.10051377822037466,0.08871316924133567
2025-05-15 00:00:00-04:00,111.69148142186339,112.49278711698861,-0.8013056951252224,-0.7174277616559291
2025-05-16 00:00:00-04:00,109.36053769719835,112.0978804280603,-2.73734273086194,-2.503044323393141
2025-05-19 00:00:00-04:00,109.35874837777989,111.86971452141492,-2.510966143635031,-2.2960816403648807
2025-05-20 00:00:00-04:00,112.67002907749621,112.19292003687038,0.4771090406258338,0.4234569250866801
2025-05-21 00:00:00-04:00,114.85715315549751,110.88581579573996,3.9713373597575554,3.4576317196204784
2025-05-22 00:00:00-04:00,113.80321168877325,111.2078759174086,2.5953357713646454,2.2805470362842817
2025-05-23 00:00:00-04:00,113.48549161469666,111.46946621487757,2.0160253998190854,1.776460912434383
2025-05-27 00:00:00-04:00,110.85383849886856,111.59647082740284,-0.7426323285342846,-0.6699202649097843
2025-05-28 00:00:00-04:00,111.57073963688586,111.11876942606698,0.4519702108188852,0.40509744068189496
2025-05-29 00:00:00-04:00,114.34356712315612,110.86989060617915,3.4736765169769654,3.0379291151863135
2025-05-30 00:00:00-04:00,109.67632500495023,110.2876023377483,-0.6112773327980676,-0.5573466586981992
2025-06-02 00:00:00-04:00,113.15549204474354,109.88877153507315,3.2667205096703924,2.8869305860812107
2025-06-03 00:00:00-04:00,107.10764211604719,108.7855045275166,-1.6778624114694054,-1.5665197910448847
2025-06-04 00:00:00-04:00,103.16545575328627,105.8396636854173,-2.67420793213104,-2.592154430574359
2025-06-05 00:00:00-04:00,106.90379769597061,105.51791771546746,1.385879980503148,1.2963804938385124
2025-06-06 00:00:00-04:00,103.66379498838923,104.94092698225165,-1.277131993862426,-1.2319942502640098
2025-06-09 00:00:00-04:00,105.81588050907966,104.46748555481253,1.3483949542671354,1.2742841129138784
2025-06-10 00:00:00-04:00,104.32400269096172,105.49390791822591,-1.169905227264195,-1.121415203680209
2025-06-11 00:00:00-04:00,104.07541491037865,105.00294098035381,-0.9275260699751584,-0.8912057384290699
2025-06-12 00:00:00-04:00,102.83849107507744,105.16052846657198,-2.3220373914945327,-2.257945801440557
2025-06-13 00:00:00-04:00,105.35385635061824,105.3091650032372,0.04469134738104685,0.04242022924373436
2025-06-16 00:00:00-04:00,107.38430733336406,104.40393652837635,2.9803708049877145,2.7754249005261498
2025-06-17 00:00:00-04:00,107.87055892322913,105.07194884625333,2.798610076975791,2.5944151072467756
2025-06-18 00:00:00-04:00,102.53922086757831,104.24227479184734,-1.7030539242690281,-1.6608805000268085
2025-06-20 00:00:00-04:00,102.25568806307506,104.45516977588449,-2.1994817128094297,-2.1509627038573234
2025-06-23 00:00:00-04:00,104.6839786031739,104.07370293629631,0.6102756668775839,0.5829695002240591
2025-06-24 00:00:00-04:00,101.44718597434608,104.52686593977323,-3.0796799654271467,-3.0357470597616523
2025-06-25 00:00:00-04:00,105.09570510792547,104.80138027429373,0.2943248336317339,0.28005410242928974
2025-06-26 00:00:00-04:00,103.49588201891325,105.87360767465152,-2.377725655738274,-2.2974108818201664
2025-06-27 00:00:00-04:00,107.95633187259939,106.41421601016512,1.5421158624342723,1.4284626345531473
2025-06-30 00:00:00-04:00,106.44762066067935,107.90044745360987,-1.452826792930523,-1.364827869250047
2025-07-01 00:00:00-04:00,108.23642913422755,107.00085649039134,1.235572643836207,1.1415497108685402
2025-07-02 00:00:00-04:00,108.83978537355752,107.00011827057342,1.8396671029840945,1.6902524170458713
2025-07-03 00:00:00-04:00,107.92047563677217,107.27908141311528,0.6413942236568886,0.5943211609033567
2025-07-07 00:00:00-04:00,106.16084604821219,107.25757715867714,-1.096731110464944,-1.0330843727139019
2025-07-08 00:00:00-04:00,110.92793068589899,108.69542659768616,2.2325040882128206,2.01257165297199
2025-07-09 00:00:00-04:00,108.56813799324682,110.5715689205296,-2.0034309272827784,-1.845321255677606
2025-07-10 00:00:00-04:00,110.87817469375186,111.26887113144933,-0.3906964376974713,-0.3523655027480242
2025-07-11 00:00:00-04:00,111.1848575731429,110.66380505080559,0.5210525223373139,0.4686362277296076
2025-07-14 00:00:00-04:00,108.44206461366775,109.28637903008013,-0.8443144164123737,-0.7785857078803334
2025-07-15 00:00:00-04:00,110.5319799092413,107.78998080998225,2.741999099259047,2.48072919847317
2025-07-16 00:00:00-04:00,106.77599479497455,107.85283710478603,-1.0768423098114823,-1.0085059960145315
2025-07-17 00:00:00-04:00,109.4002395102804,108.82604690091254,0.5741926093678558,0.5248549838082379
2025-07-18 00:00:00-04:00,108.27047187270648,108.93274885302624,-0.6622769803197599,-0.6116875348048714
2025-07-21 00:00:00-04:00,107.73496174149399,109.30800258326138,-1.5730408417673942,-1.4601024740156745
2025-07-22 00:00:00-04:00,109.1325300186657,108.72404534278617,0.4084846758795351,0.3743014807864063
2025-07-23 00:00:00-04:00,107.87164856182612,107.94872468250048,-0.07707612067436287,-0.07145169439974496
2025-07-24 00:00:00-04:00,108.07176498927944,107.59781003815922,0.4739549511202199,0.43855576076437314
2025-07-25 00:00:00-04:00,108.85541653204228,107.62112877906503,1.2342877529772522,1.133878122283361
2025-07-28 00:00:00-04:00,107.52036010778895,106.22299635079428,1.2973637569946703,1.2066214768012922
2025-07-29 00:00:00-04:00,104.86311460294394,106.46827419271222,-1.6051595897682773,-1.5307189719150436
2025-07-30 00:00:00-04:00,106.2144843517687,106.2655968031443,-0.05111245137560161,-0.048121922059446945
2025-07-31 00:00:00-04:00,105.64793985417232,106.3283613009547,-0.6804214467823755,-0.6440461098641137
2025-08-01 00:00:00-04:00,105.85562739819608,105.99960991214145,-0.14398251394537454,-0.13601781736530352
2025-08-04 00:00:00-04:00,107.63870658761672,107.3949947944228,0.2437117931939241,0.22641650101540878
2025-08-05 00:00:00-04:00,106.70586575412162,108.50543966673953,-1.799573912617916,-1.6864807758222098
2025-08-06 00:00:00-04:00,109.54170325005877,109.30225029231833,0.23945295774043984,0.21859524786995801
2025-08-07 00:00:00-04:00,108.40985094547656,108.61682837758556,-0.20697743210899944,-0.19092124037057873
2025-08-08 00:00:00-04:00,105.83644415069305,107.87809995014509,-2.0416557994520304,-1.92906688790967
2025-08-11 00:00:00-04:00,109.51696894386096,108.3151152940144,1.201853649846555,1.097413178466099
2025-08-12 00:00:00-04:00,111.47590129290508,110.61114908983102,0.8647522030740618,0.7757301740058676
2025-08-13 00:00:00-04:00,110.4169829063849,109.92708127648203,0.48990162990287445,0.44368322427196627
2025-08-14 00:00:00-04:00,107.68025812706041,108.54724713888082,-0.866989011820408,-0.8051513126922295
2025-08-15 00:00:00-04:00,108.06085668311475,108.10821486234863,-0.04735817923388197,-0.04382547083886113
2025-08-18 00:00:00-04:00,105.74401761169194,107.00127648075747,-1.2572588690655238,-1.1889645366817523
2025-08-19 00:00:00-04:00,107.20722337070929,106.87050992210197,0.33671344860731267,0.3140772030285677
2025-08-20 00:00:00-04:00,109.23258666010598,109.12974120710967,0.10284545299630565,0.09415272140018538
2025-08-21 00:00:00-04:00,109.81435994461371,108.90273454316787,0.9116254014458463,0.8301513589895131
2025-08-22 00:00:00-04:00,109.45842743563118,109.994578988052,-0.5361515524208187,-0.48982208586553233
2025-08-25 00:00:00-04:00,109.24411610758553,109.85099828548545,-0.6068821778999194,-0.5555284801812586
2025-08-26 00:00:00-04:00,109.68440019771305,109.28594037973483,0.39845981797822105,0.36327847648341255
2025-08-27 00:00:00-04:00,110.62902309232965,111.01795337591707,-0.38893028358742754,-0.35156261233802183
2025-08-28 00:00:00-04:00,111.59950644137281,111.45051487062415,0.1489915707486631,0.13350558214783295
2025-08-29 00:00:00-04:00,113.57930177227371,111.99495067913891,1.5843510931347993,1.3949294179598148
2025-09-02 00:00:00-04:00,114.88947198265524,113.95620559409582,0.9332663885594172,0.8123167183676427
2025-09-03 00:00:00-04:00,111.88507109508477,113.43093988633646,-1.5458687912516922,-1.3816577816158744
2025-09-04 00:00:00-04:00,111.80175289960997,112.6354211689637,-0.833668269353737,-0.7456665461250074
2025-09-05 00:00:00-04:00,110.98381249771938,112.16318467924502,-1.1793721815256362,-1.0626524310019276
2025-09-08 00:00:00-04:00,112.00023234113813,112.87113178239683,-0.8708994412587003,-0.7775871737534026
2025-09-09 00:00:00-04:00,112.03730433767083,111.88548897338556,0.15181536428526954,0.13550429937845618
2025-09-10 00:00:00-04:00,109.76072548696581,111.83678594104055,-2.076060454074735,-1.8914419933578785
2025-09-11 00:00:00-04:00,112.24096227515771,111.64442234074016,0.5965399344175495,0.5314814861931931
2025-09-12 00:00:00-04:00,113.69199476348926,111.57024442770488,2.121750335784384,1.866226676907385
2025-09-15 00:00:00-04:00,112.33033855045298,111.80874774979178,0.5215908006612011,0.4643365340049514
2025-09-16 00:00:00-04:00,110.8690760021865,110.91619232620761,-0.047116324021104106,-0.042497264088477565
2025-09-17 00:00:00-04:00,109.48727335799573,109.85095825141575,-0.36368489342001453,-0.33217092933793024
2025-09-18 00:00:00-04:00,110.2222751107085,109.42454880772922,0.7977263029792709,0.7237432743771852
2025-09-19 00:00:00-04:00,108.56571780186901,108.71012473829745,-0.14440693642843883,-0.13301338521242917
2025-09-22 00:00:00-04:00,105.44219778632748,107.09247696509097,-1.6502791787634834,-1.5651031687595118
2025-09-23 00:00:00-04:00,105.8738369939724,106.09800955304762,-0.22417255907521394,-0.21173555756553575
2025-09-24 00:00:00-04:00,105.96212564544824,105.77626528572414,0.18586035972410286,0.17540263428273986
2025-09-25 00:00:00-04:00,103.44013911277646,104.23202142610768,-0.7918823133312145,-0.7655464504623861
2025-09-26 00:00:00-04:00,104.46116095834827,104.52981868018747,-0.06865772183920171,-0.06572559715909874
2025-09-29 00:00:00-04:00,104.01734745225914,104.30455596377307,-0.28720851151392424,-0.2761159734877342
2025-09-30 00:00:00-04:00,103.26171121595263,103.97349199895781,-0.7117807830051817,-0.689297876844811
2025-11-11 00:00:00-05:00,115.51168951000429,115.4993910368674,0.012298473136894472,0.010646951134611636
2025-11-12 00:00:00-05:00,115.92484477482373,116.49958285766637,-0.5747380828426429,-0.4957850786507701
2025-11-13 00:00:00-05:00,116.43788680935162,115.67648593150989,0.7614008778417372,0.6539116250781921
2025-11-14 00:00:00-05:00,115.60842720436675,113.62425752241519,1.9841696819515562,1.7162846428522387
2025-11-17 00:00:00-05:00,113.66343383265203,113.23808578165686,0.4253480509951686,0.37421713971919357
2025-11-18 00:00:00-05:00,115.98161662878847,114.25166702335454,1.72994960543393,1.4915722471525967
2025-11-19 00:00:00-05:00,112.30862332472593,114.5619079750585,-2.2532846503325743,-2.0063327139337215
2025-11-20 00:00:00-05:00,115.51477358988042,114.49190283881636,1.0228707510640618,0.8854891190763409
2025-11-21 00:00:00-05:00,116.17622252819356,113.53422559756852,2.641996930625041,2.2741287960054675
2025-11-24 00:00:00-05:00,114.78388256512319,114.08226695138586,0.7016156137373315,0.6112492434112137
2025-11-25 00:00:00-05:00,115.49774653543865,113.63558664427126,1.8621598911673942,1.6122911026632196
2025-11-26 00:00:00-05:00,117.17784321028618,114.59978237820091,2.5780608320852707,2.2001265439394615
2025-11-28 00:00:00-05:00,114.35687514935478,116.6458914302937,-2.289016280938924,-2.001642907738931
2025-12-01 00:00:00-05:00,121.44558367519393,117.27426791680072,4.171315758393206,3.4347200055865224
2025-12-02 00:00:00-05:00,109.97647590968919,117.6383813226822,-7.661905412993022,-6.966858457334865
2025-12-03 00:00:00-05:00,117.53246033776111,117.65111280623749,-0.11865246847638389,-0.10095293515970322
2025-12-04 00:00:00-05:00,116.35383270014157,116.03539161049044,0.31844108965113094,0.2736833693066163
2025-12-05 00:00:00-05:00,115.6908050038224,116.21989865843427,-0.5290936546118701,-0.4573342320458302
2025-12-08 00:00:00-05:00,112.46924709003427,115.8253711270001,-3.3561240369658236,-2.9840370801799425
2025-12-09 00:00:00-05:00,114.77160537216126,115.75061279187562,-0.9790074197143639,-0.85300490181331
2025-12-10 00:00:00-05:00,113.47859590331795,114.06642106158526,-0.5878251582673073,-0.5180053150887816
2025-12-11 00:00:00-05:00,116.12701385728398,114.05764049983186,2.069373357452122,1.7819913633491935
2025-12-12 00:00:00-05:00,113.40080526785852,114.18227871572645,-0.7814734478679384,-0.6891251310094828
2025-12-15 00:00:00-05:00,114.3045687714113,114.25756164149888,0.047007129912415735,0.04112445409458793
2025-12-16 00:00:00-05:00,112.00303967591356,114.15926128060286,-2.156221604689307,-1.925145612948044
2025-12-17 00:00:00-05:00,115.78365680668657,114.62266158761597,1.1609952190705997,1.0027280629156563
2025-12-18 00:00:00-05:00,113.50357234580092,113.79614093818188,-0.29256859238095956,-0.257761572023141
2025-12-19 00:00:00-05:00,113.5304666981677,112.98241028921929,0.5480564089484119,0.4827395014639336
2025-12-22 00:00:00-05:00,115.30876495684483,112.36500890832808,2.9437560485167467,2.552933464874478
2025-12-23 00:00:00-05:00,113.01327946136693,112.69134902280587,0.3219304385610684,0.28486071733819457
2025-12-24 00:00:00-05:00,114.63761586911673,112.93115954216857,1.7064563269481567,1.4885657853321377
2025-12-26 00:00:00-05:00,112.86030384003315,113.88083703581681,-1.0205331957836563,-0.9042445935908058
2025-12-29 00:00:00-05:00,111.21589567839138,113.35454858982968,-2.1386529114382995,-1.9229741381778287
2025-12-30 00:00:00-05:00,111.93193694263468,113.31193378718359,-1.3799968445489128,-1.2328892738237558
2025-12-31 00:00:00-05:00,114.55624418139855,113.81480589386952,0.7414382875290357,0.6472264282294174
2026-01-02 00:00:00-05:00,113.50464919055253,113.3904623651479,0.1141868254046301,0.10060101169330282
2026-01-05 00:00:00-05:00,113.81660335892768,113.9105962005393,-0.09399284161162313,-0.08258271538398569
2026-01-06 00:00:00-05:00,115.1415614674408,115.38135232514577,-0.23979085770497477,-0.20825743080858058
2026-01-07 00:00:00-05:00,116.94399159512925,115.17105063663146,1.7729409584977844,1.5160598969768944
2026-01-08 00:00:00-05:00,113.6041242906911,113.69142822824318,-0.08730393755207899,-0.07684926766275228
2026-01-09 00:00:00-05:00,113.7929318641409,112.93565403899412,0.857277825146781,0.7533664974642695
2026-01-12 00:00:00-05:00,113.98885175893464,112.62736222889082,1.3614895300438263,1.1944058642884878
2026-01-13 00:00:00-05:00,112.98208311814932,112.47476963081411,0.5073134873352103,0.4490211840090564
2026-01-14 00:00:00-05:00,111.83510546599389,112.6272681439566,-0.7921626779627076,-0.7083309616081002
2026-01-15 00:00:00-05:00,112.96488776264314,113.15246189659736,-0.18757413395421452,-0.16604640403692256
2026-01-16 00:00:00-05:00,112.44261570236183,112.47349283033742,-0.03087712797558595,-0.027460343022718728
2026-01-20 00:00:00-05:00,111.78041542851055,112.08993475361763,-0.30951932510707536,-0.2768994227839753
2026-01-21 00:00:00-05:00,111.46501721327549,111.86454386808285,-0.39952665480736016,-0.35843232683749726
2026-01-22 00:00:00-05:00,112.63567240360486,112.17884508336323,0.4568273202416293,0.40557960945506705
2026-01-23 00:00:00-05:00,111.2317453741723,110.88828074270455,0.34346463146775363,0.3087829201208463
2026-01-26 00:00:00-05:00,112.28641677350637,111.22016812407607,1.0662486494303067,0.949579370389068
2026-01-27 00:00:00-05:00,111.98301293565387,111.49617541124584,0.4868375244080312,0.43474229853752105
2026-01-28 00:00:00-05:00,111.59149180932107,111.62557341380248,-0.03408160448141473,-0.030541400539434264
2026-01-29 00:00:00-05:00,111.01524314119331,111.14150512743099,-0.12626198623767948,-0.11373391857287093
2026-01-30 00:00:00-05:00,111.69105826666417,110.89220765557484,0.7988506110893354,0.7152323771362851
2026-02-02 00:00:00-05:00,109.9613627359354,110.30958933842224,-0.34822660248684656,-0.3166808721014932
2026-02-03 00:00:00-05:00,109.88392011873802,109.901475381058,-0.01755526231998772,-0.015976188600677798
2026-02-04 00:00:00-05:00,111.15781799857244,108.78055499983206,2.3772629987403775,2.1386376968742833
2026-02-05 00:00:00-05:00,107.10076944214414,105.8328194792968,1.2679499628473394,1.183885017308196
2026-02-06 00:00:00-05:00,104.93439445537585,105.50027339297223,-0.5658789375963806,-0.5392692648900975
2026-02-09 00:00:00-05:00,106.02372496514693,104.92748085684423,1.0962441083026988,1.0339611333812937
2026-02-10 00:00:00-05:00,99.78869400858368,104.45343500453383,-4.6647409959501545,-4.674618745435129
2026-02-11 00:00:00-05:00,105.42664774481143,105.4970497590534,-0.07040201424196368,-0.06677819673482743
2026-02-12 00:00:00-05:00,104.18176705302831,105.01611400719463,-0.8343469541663211,-0.8008569808012953
2026-02-13 00:00:00-05:00,105.5420362657345,105.18035786703888,0.36167839869561647,0.3426865839360726
2026-02-17 00:00:00-05:00,107.93735465086954,105.33930928900895,2.598045361860585,2.406993732859336
2026-02-18 00:00:00-05:00,105.39748365792546,104.4493415467196,0.9481421112058683,0.8995870473370375
2026-02-19 00:00:00-05:00,103.92687433773575,105.11273390153232,-1.1858595637965692,-1.1410518899498785
2026-02-20 00:00:00-05:00,104.67489237231344,104.2849133722064,0.3899790001070329,0.37256212188872767
2026-02-23 00:00:00-05:00,105.06541068184231,104.49594508724141,0.5694655946008993,0.5420105350611987
2026-02-24 00:00:00-05:00,105.87585359958615,104.11253002548837,1.7633235740977824,1.6654633839048214
2026-02-25 00:00:00-05:00,104.24165693375937,104.57877979633645,-0.33712286257707547,-0.3234051266004924
2026-02-26 00:00:00-05:00,105.7197575818046,104.8398764214422,0.8798811603624017,0.8322769371482535
2026-02-27 00:00:00-05:00,105.07218491021334,105.91222113800552,-0.8400362277921829,-0.799484876525613
2026-03-02 00:00:00-05:00,105.74794753008598,106.45504219737326,-0.7070946672872793,-0.6686604173438981
2026-03-03 00:00:00-05:00,111.82684784406271,107.94771067075267,3.879137173310042,3.4688782238763602
2026-03-04 00:00:00-05:00,108.41684178091768,107.05445901759497,1.3623827633227137,1.2566154307240713
2026-03-05 00:00:00-05:00,108.82272556232384,107.04301085596168,1.7797147063621566,1.6354255943928702
2026-03-06 00:00:00-05:00,108.60253173834144,107.32439736791234,1.2781343704291004,1.176891873486466
2026-03-09 00:00:00-04:00,108.67689648717358,107.29405142240364,1.3828450647699384,1.272437021545924
2026-03-10 00:00:00-04:00,111.21294546567384,108.738950155116,2.4739953105578394,2.224556952608943
2026-03-11 00:00:00-04:00,114.72213114384509,110.63068450683251,4.091446637012581,3.5663969943885485
2026-03-12 00:00:00-04:00,111.43110084061566,111.32319654929326,0.10790429132239865,0.09683498638027319
2026-03-13 00:00:00-04:00,99.17387560274369,110.74032734699043,-11.566451744246734,-11.66280098861715
2026-03-16 00:00:00-04:00,104.78820455793172,109.40304644666432,-4.614841888732599,-4.403970760068995
2026-03-17 00:00:00-04:00,114.5164325358547,107.93289814356551,6.583534392289195,5.7489866270746015
2026-03-18 00:00:00-04:00,107.65411705200968,107.96871831684632,-0.3146012648366394,-0.2922333798758944
2026-03-19 00:00:00-04:00,105.80513041190895,108.91527313895803,-3.1101427270490802,-2.939500868191375
2026-03-20 00:00:00-04:00,112.16428800459187,109.03374779413637,3.130540210455493,2.7910311438230075
2026-03-23 00:00:00-04:00,111.97399419981075,109.40606181122313,2.5679323885876215,2.293329274300337
2026-03-24 00:00:00-04:00,107.54317439636412,108.81295957778067,-1.2697851814165517,-1.1807213135968966
2026-03-25 00:00:00-04:00,109.05972897858572,108.02582905522591,1.0338999233598116,0.9480125551777426
2026-03-26 00:00:00-04:00,103.75705408904733,107.66655789782061,-3.9095038087732803,-3.7679402553372707
2026-03-27 00:00:00-04:00,110.19495050362558,107.69214168046848,2.502808823157096,2.271255453828395
2026-03-30 00:00:00-04:00,102.82189824602087,106.27342682939327,-3.451528583372408,-3.3568030178882444
2026-03-31 00:00:00-04:00,108.77247586713293,106.52024891077166,2.2522269563612696,2.070585355722155
2026-04-01 00:00:00-04:00,106.45651382065788,106.28159942784559,0.17491439281228338,0.16430595605164486
2026-04-02 00:00:00-04:00,108.31407589396859,106.32147719992075,1.9925986940478424,1.8396488892158835
2026-04-06 00:00:00-04:00,108.76094305868685,105.97236380747579,2.788579251211061,2.56395280583983
2026-04-07 00:00:00-04:00,105.82279857575342,107.37320228318731,-1.5504037074338868,-1.465094221945026
2026-04-08 00:00:00-04:00,108.13819130122015,108.46803573157302,-0.32984443035287825,-0.30502121996297576
2026-04-09 00:00:00-04:00,110.14657193116467,109.26359268647155,0.882979244693118,0.801640241009888
2026-04-10 00:00:00-04:00,109.95515142305749,108.59250417329694,1.362647249760542,1.2392754974414015
2026-04-13 00:00:00-04:00,109.18263658627059,107.81497734593238,1.367659240338213,1.2526343776810684
2026-04-14 00:00:00-04:00,103.39206725859977,108.23584528976765,-4.843778031167886,-4.68486428369097
2026-04-15 00:00:00-04:00,111.35382153247343,110.50920630035671,0.8446152321167233,0.7584968530877167
2026-04-16 00:00:00-04:00,108.49032645721437,109.82408297106508,-1.333756513850716,-1.2293782841336671
2026-04-17 00:00:00-04:00,110.13655815757446,108.42569755320055,1.7108606043739059,1.553399373463392
2026-04-20 00:00:00-04:00,107.7565200357554,107.9728672182773,-0.21634718252190055,-0.20077409928430592
2026-04-21 00:00:00-04:00,108.06534708536235,106.86499325771983,1.200353827642516,1.110766642607773
2026-04-22 00:00:00-04:00,106.36817753013113,106.73961878035574,-0.3714412502246063,-0.3492033602995476
2026-04-23 00:00:00-04:00,106.84791655100607,109.00240463987103,-2.154488088864966,-2.0164062701554655
2026-04-24 00:00:00-04:00,107.36284340822152,108.79847048365319,-1.4356270754316682,-1.3371731130229476
2026-04-27 00:00:00-04:00,109.76225952249564,109.91729494300633,-0.15503542051068564,-0.14124656433381033
2026-04-28 00:00:00-04:00,109.42361964828868,109.78749454645342,-0.36387489816473817,-0.33253780064515437
2026-04-29 00:00:00-04:00,105.68711961122067,109.23292960524171,-3.5458099940210417,-3.3550067473355454
2026-04-30 00:00:00-04:00,106.30048863443547,110.96528568658123,-4.664797052145758,-4.388311956107625
2026-05-01 00:00:00-04:00,107.90864881007495,111.42940427239841,-3.5207554623234643,-3.262718513434622
2026-05-04 00:00:00-04:00,109.33261180654789,112.01971556451392,-2.687103757966028,-2.457733071190657
2026-05-05 00:00:00-04:00,113.83534772882196,113.98851976704961,-0.1531720382276518,-0.134555778397179
2026-05-06 00:00:00-04:00,116.69882186266949,113.47356023011508,3.225261632554407,2.76374823762135
2026-05-07 00:00:00-04:00,108.26105231175644,112.66779165701769,-4.406739345261244,-4.070475255100306
2026-05-08 00:00:00-04:00,115.9512087580052,112.21084054276079,3.740368215244402,3.2258121802341013
2026-05-11 00:00:00-04:00,112.6973761811155,112.93344899977302,-0.23607281865751872,-0.20947499103983314
2026-05-12 00:00:00-04:00,115.96388068964082,111.93413711890551,4.029743570735306,3.4749988934229306
2026-05-13 00:00:00-04:00,113.64455766077444,111.87888492428519,1.7656727364892504,1.5536799762640021
2026-05-14 00:00:00-04:00,109.3582170923249,111.66771500670538,-2.309497914380472,-2.1118650027283223
2026-05-15 00:00:00-04:00,110.97328554061937,111.59791580254324,-0.6246302619238691,-0.5628654309736884
2026-05-18 00:00:00-04:00,112.76637752225663,111.86055125825493,0.9058262640017034,0.8032769021270734
2026-05-19 00:00:00-04:00,111.47780969987032,110.95942514993075,0.5183845499395687,0.46501142365032655
2026-05-20 00:00:00-04:00,110.57346160527955,109.8896598769205,0.6838017283590432,0.6184139651881837
2026-05-21 00:00:00-04:00,109.10531951348611,109.46290920265902,-0.35758968917291156,-0.3277472544578463
2026-05-22 00:00:00-04:00,108.15029553430941,108.75041909618653,-0.6001235618771261,-0.5548977549365495
2026-05-26 00:00:00-04:00,109.37093647665938,107.14912673151368,2.2218097451457055,2.031444382502711
2026-05-27 00:00:00-04:00,104.86765871217587,106.1396014186432,-1.2719427064673283,-1.2129027405468784
2026-05-28 00:00:00-04:00,105.54885895381507,105.81867572983343,-0.2698167760183594,-0.2556321107520669
2026-05-29 00:00:00-04:00,105.4838051570673,104.27261725315527,1.2111879039120197,1.1482216650305126
2026-06-01 00:00:00-04:00,103.50099129979029,104.56326498262425,-1.0622736828339612,-1.0263415543113872
2026-06-02 00:00:00-04:00,101.22962262174087,104.35108614113761,-3.121463519396741,-3.0835475215200012
2026-06-03 00:00:00-04:00,105.20531424541517,104.01032427668297,1.1949899687322016,1.135864644579282
